{
  "course": {
    "id": "1",
    "name": "Introduction to Computer Science",
    "description": "This course introduces students to the basic concepts of computer science.",
    "category": "Computer Science",
    "category_id": "1",
    "level": "Beginner",
    "sequence": ["0001", "0002", "0003", "0004"],
    "chapters": {
      "0001": {
        "title": "Two thumbs way up!!",
        "dateCreated": "",
        "lessons": [
          {
            "title": "Malika Warrior Queen Trailer",
            "summary": "",
            "type": "youtube",
            "thumbs": {
              "default": "https://i.ytimg.com/vi/f97ICOaekNU/maxresdefault.jpg"
            },
            "videoId": "f97ICOaekNU",
            "length": "1:52"
          },
          {
            "title": "Wonder Woman",
            "summary": "",
            "type": "youtube",
            "thumbs": {
              "default": "https://i.ytimg.com/vi/INLzqh7rZ-U/maxresdefault.jpg"
            },
            "videoId": "1Q8fG0TtVAY",
            "length": "2:31"
          },
          {
            "title": "Black Widow",
            "summary": "",
            "type": "youtube",
            "thumbs": {
              "default": "https://i.ytimg.com/vi/RxAtuMu_ph4/maxresdefault.jpg"
            },
            "videoId": "RxAtuMu_ph4",
            "length": "2:31"
          }
        ]
      },
      "0002": {
        "title": "Avengers!! Nuff said",
        "dateCreated": "",
        "lessons": [
          {
            "title": "Captain America - The First Avenger",
            "summary": "",
            "type": "youtube",
            "thumbs": {
              "default": "https://i.ytimg.com/vi/W4DlMggBPvc/maxresdefault.jpg"
            },
            "videoId": "W4DlMggBPvc"
          },
          {
            "title": "Captain Marvel",
            "summary": "",
            "type": "youtube",
            "thumbs": {
              "default": "https://i.ytimg.com/vi/0LHxvxdRnYc/maxresdefault.jpg"
            },
            "videoId": "0LHxvxdRnYc"
          },
          {
            "title": "Iron Man",
            "summary": "",
            "type": "youtube",
            "thumbs": {
              "default": "https://i.ytimg.com/vi/sTQZj2B5vNw/maxresdefault.jpg"
            },
            "videoId": "sTQZj2B5vNw"
          },
          {
            "title": "Iron Man 2",
            "summary": "",
            "type": "youtube",
            "thumbs": {
              "default": "https://i.ytimg.com/vi/BoohRoVA9WQ/maxresdefault.jpg"
            },
            "videoId": "BoohRoVA9WQ"
          },
          {
            "title": "The Incredible Hulk",
            "summary": "",
            "type": "youtube",
            "thumbs": {
              "default": "https://i.ytimg.com/vi/H3vQbMSVlDw/maxresdefault.jpg"
            },
            "videoId": "H3vQbMSVlDw"
          },
          {
            "title": "Thor",
            "summary": "",
            "type": "youtube",
            "thumbs": {
              "default": "https://i.ytimg.com/vi/vJUDu40Z_RY/maxresdefault.jpg"
            },
            "videoId": "vJUDu40Z_RY"
          },
          {
            "title": "Avengers Assemble",
            "summary": "",
            "type": "youtube",
            "thumbs": {
              "default": "https://i.ytimg.com/vi/NPoHPNeU9fc/maxresdefault.jpg"
            },
            "videoId": "NPoHPNeU9fc"
          },
          {
            "title": "Iron Man 3",
            "summary": "",
            "type": "youtube",
            "thumbs": {
              "default": "https://i.ytimg.com/vi/oYSD2VQagc4/maxresdefault.jpg"
            },
            "videoId": "oYSD2VQagc4"
          },
          {
            "title": "Thor The Dark World",
            "summary": "",
            "type": "youtube",
            "thumbs": {
              "default": "https://i.ytimg.com/vi/NhEHo46x2w8/maxresdefault.jpg"
            },
            "videoId": "NhEHo46x2w8"
          },
          {
            "title": "Captain America The Winter Soldier",
            "summary": "",
            "type": "youtube",
            "thumbs": {
              "default": "https://i.ytimg.com/vi/INLzqh7rZ-U/maxresdefault.jpg"
            },
            "videoId": "7SlILk2WMTI"
          },
          {
            "title": "Guardian of The Galaxy",
            "summary": "",
            "type": "youtube",
            "thumbs": {
              "default": "https://i.ytimg.com/vi/INLzqh7rZ-U/maxresdefault.jpg"
            },
            "videoId": "d96cjJhvlMA"
          },
          {
            "title": "Guardian of The Galaxy Vol 2",
            "summary": "",
            "type": "youtube",
            "thumbs": {
              "default": "https://i.ytimg.com/vi/INLzqh7rZ-U/maxresdefault.jpg"
            },
            "videoId": "2cv2ueYnKjg"
          },
          {
            "title": "Avengers Age of Ultron",
            "summary": "",
            "type": "youtube",
            "thumbs": {
              "default": "https://i.ytimg.com/vi/INLzqh7rZ-U/maxresdefault.jpg"
            },
            "videoId": "tmeOjFno6Do"
          },
          {
            "title": "Ant Man",
            "summary": "",
            "type": "youtube",
            "thumbs": {
              "default": "https://i.ytimg.com/vi/INLzqh7rZ-U/maxresdefault.jpg"
            },
            "videoId": "IEVE3KSKQ0o"
          },
          {
            "title": "Captain America Civil War",
            "summary": "",
            "type": "youtube",
            "thumbs": {
              "default": "https://i.ytimg.com/vi/INLzqh7rZ-U/maxresdefault.jpg"
            },
            "videoId": "1L3c17AmCZw"
          },
          {
            "title": "Doctor Strange",
            "summary": "",
            "type": "youtube",
            "thumbs": {
              "default": "https://i.ytimg.com/vi/INLzqh7rZ-U/maxresdefault.jpg"
            },
            "videoId": "MWRUNTLisPo"
          },
          {
            "title": "Black Panther",
            "summary": "",
            "type": "youtube",
            "thumbs": {
              "default": "https://i.ytimg.com/vi/INLzqh7rZ-U/maxresdefault.jpg"
            },
            "videoId": "xjDjIWPwcPU"
          },
          {
            "title": "Spider-Man Homecoming",
            "summary": "",
            "type": "youtube",
            "thumbs": {
              "default": "https://i.ytimg.com/vi/INLzqh7rZ-U/maxresdefault.jpg"
            },
            "videoId": "DiTECkLZ8HM"
          },
          {
            "title": "Thor Ragnarok",
            "summary": "",
            "type": "youtube",
            "thumbs": {
              "default": "https://i.ytimg.com/vi/INLzqh7rZ-U/maxresdefault.jpg"
            },
            "videoId": "ue80QwXMRHg"
          },
          {
            "title": "Ant Man and the Wasp",
            "summary": "",
            "type": "youtube",
            "thumbs": {
              "default": "https://i.ytimg.com/vi/INLzqh7rZ-U/maxresdefault.jpg"
            },
            "videoId": "UUkn-enk2RU"
          },
          {
            "title": "Avengers Infinity War",
            "summary": "",
            "type": "youtube",
            "thumbs": {
              "default": "https://i.ytimg.com/vi/INLzqh7rZ-U/maxresdefault.jpg"
            },
            "videoId": "6ZfuNTqbHE8"
          },
          {
            "title": "Avengers End Game - Whatever it takes...",
            "summary": "",
            "type": "youtube",
            "thumbs": {
              "default": "https://i.ytimg.com/vi/INLzqh7rZ-U/maxresdefault.jpg"
            },
            "videoId": "TcMBFSGVi1c"
          }
        ]
      },
      "0003": {
        "title": "NG Conf Best of",
        "dateCreated": "",
        "lessons": [
          {
            "title": "A Deep Look At Angular Elements | Manfred Steyer",
            "summary": "New web technologies and frameworks are being released all the time. This is exciting – and overwhelming. Framework-independent web components provide a remedy for this dilemma!",
            "type": "youtube",
            "thumbs": {
              "default": "https://i.ytimg.com/vi/INLzqh7rZ-U/maxresdefault.jpg"
            },
            "videoId": "_QU0mpyF7bQ",
            "length": "1:17:41"
          },
          {
            "title": "These ARE the Angular tips you are looking for | John Papa",
            "summary": "A long time ago in a galaxy far, far away … as a Mandalorian bounty hunter, you honed your Angular skills with the Tour of Heroes. You’re searching for the next steps to enhancing your Angular apps through improving the user experience, maintainability, and scalability. Look no further!",
            "type": "youtube",
            "thumbs": {
              "default": "https://i.ytimg.com/vi/INLzqh7rZ-U/maxresdefault.jpg"
            },
            "videoId": "2ZFgcTOcnUg",
            "length": "25:04"
          }
        ]
      },
      "0004": {
        "title": "Action Movies",
        "dateCreated": "",
        "lessons": [
          {
            "title": "A Deep Look At Angular Elements | Manfred Steyer",
            "summary": "New web technologies and frameworks are being released all the time. This is exciting – and overwhelming. Framework-independent web components provide a remedy for this dilemma!",
            "type": "youtube",
            "thumbs": {
              "default": "https://i.ytimg.com/vi/INLzqh7rZ-U/maxresdefault.jpg"
            },
            "videoId": "_QU0mpyF7bQ",
            "length": "1:17:41"
          }
        ]
      }
    }
  }
}
